exchange_id,website,name,data_start,data_end,data_quote_start,data_quote_end,data_symbols_count,volume_1hrs_usd,volume_1day_usd,volume_1mth_usd
ECB,https://www.ecb.europa.eu/,European Central Bank,2020-08-31,2022-03-18,2020-08-31T00:00:00.0000000Z,2022-03-18T14:00:00.0000000Z,32,0,0,0
BINANCE,https://www.binance.com/,Binance,2017-07-14,2022-03-21,2017-12-18T21:50:58.3910192Z,2022-03-21T06:15:36.3252430Z,1992,601319713.24,14987293463.9,499210797668.34
KRAKEN,https://www.kraken.com/,Kraken,2013-10-22,2022-03-21,2014-07-31T13:05:46.0000000Z,2022-03-21T06:15:36.9006286Z,581,14505874.52,584813130.08,29908775600.5
COINBASE,https://pro.coinbase.com/,Coinbase Pro (GDAX),2015-01-14,2022-03-21,2015-05-17T00:51:32.6370000Z,2022-03-21T06:15:35.3670860Z,514,70380495.64,2348747411.19,93046933393.19
BITSTAMP,https://www.bitstamp.net/,Bitstamp Ltd.,2011-09-13,2022-03-21,2014-02-24T17:43:05.0000000Z,2022-03-21T06:15:22.2660000Z,149,3152365.66,132500610.45,8206004271.59
GEMINI,https://gemini.com/,Gemini,2015-10-08,2022-03-21,2017-03-18T22:53:42.0948480Z,2022-03-21T06:15:34.4230000Z,121,1065799.29,29553274.79,2565819727.6
LMAXDIGITAL,https://www.lmaxdigital.com/,LMAX Digital,2021-04-12,2022-03-21,2021-04-12T23:46:45.6180000Z,2022-03-21T06:13:35.1950000Z,16,29801986.83,177299787.79,10408182943.18
OKCOINCNY,https://www.okcoin.cn/,OKCoin CNY,2013-06-12,2018-03-09,2015-02-15T12:53:50.3430000Z,2018-03-09T23:34:52.5800000Z,2,0,0,0
HUOBI,https://www.huobi.us/,Huobi (HBUS),2015-03-29,2020-03-30,2015-03-29T21:46:06.2630000Z,2020-03-30T08:40:10.1306733Z,777,0,0,0
BITTREX,https://bittrex.com/,Bittrex,2017-01-26,2022-03-21,2017-03-14T20:03:47.4782440Z,2022-03-21T06:15:37.2364189Z,1625,4217473368.28,66054911447.54,2011016578801.5
POLONIEX,https://poloniex.com/,POLONIEX,2016-05-29,2022-03-21,2016-06-12T11:53:38.1523879Z,2022-03-21T06:15:35.2560000Z,715,3457367.4,831996884.27,756873933450.18
BITFINEX,https://www.bitfinex.com/,Bitfinex,2013-01-14,2022-03-21,2014-02-24T17:43:05.0000000Z,2022-03-21T06:15:37.4439525Z,779,37030748.17,981246109.58,46427296719.54
HUOBIPRO,https://www.hbg.com/,Huobi Global,2018-01-22,2022-03-21,2018-01-24T00:22:17.2456560Z,2022-03-21T06:15:36.0205387Z,1190,49082755.99,1473804932.39,9418334311908.58
HITBTC,https://hitbtc.com/,HitBTC,2013-12-27,2022-03-21,2017-03-18T22:53:44.4091161Z,2022-03-21T06:15:37.4330000Z,2456,107136830.29,3314356167.93,145595087878.87
BTCCHINA,https://www.btcchina.com/,BTCCHINA,2011-06-13,2019-02-06,2015-03-29T04:20:18.0000000Z,2019-02-06T15:48:55.5557396Z,3,0,0,0
BITFLYER,https://bitflyer.jp/,bitFlyer (replaced by BITFLYERLTNG),2017-11-28,2020-07-26,2017-11-29T01:10:28.2891461Z,2020-07-26T21:52:04.1273385Z,136,0,0,0
BITHUMB,https://www.bithumb.com/,BITHUMB,2017-09-21,2022-03-21,2017-09-21T13:50:30.0371289Z,2022-03-21T06:15:35.4018646Z,276,70632130.33,1726617196.54,26412283872.32
COINONE,https://coinone.co.kr/,coinone,2017-09-20,2022-03-20,2017-09-21T13:36:45.5891048Z,2022-03-20T14:33:14.1964688Z,9,0,13785734.72,2169566495.57
OKEX,https://www.okex.com/,OKEx,2017-12-01,2022-03-17,2017-12-18T21:01:51.6121385Z,2022-03-10T21:10:06.5750000Z,21967,0,0,4065168547622.02
OKCOINUSD,https://www.okcoin.com/,OKCoin USD,2015-02-14,2022-03-21,2015-02-15T12:53:46.6330000Z,2022-03-21T06:15:34.4890000Z,90,291362.32,22193968.29,232061803.08
BTCTRADE,https://www.btctrade.com/,BTCTRADE,2015-05-17,2019-02-06,2015-05-17T14:57:14.3470000Z,2019-02-06T15:50:53.7510625Z,6,0,0,0
BITMEX,https://www.bitmex.com/,BitMEX,2014-11-22,2022-03-21,2014-11-22T16:58:47.8820780Z,2022-03-21T06:15:32.1889152Z,370,2346378247820.14,65611605707807.5,1456388919400150.2
KUCOIN,https://kucoin.com/,Kucoin,2018-01-24,2022-03-21,2018-01-24T00:22:08.7776711Z,2022-03-21T06:15:37.6887923Z,1564,50795531.17,1374151309.07,83687430013.36
ITBIT,https://www.itbit.com/,itBit,2013-08-25,2022-03-21,2015-05-26T18:24:28.9330000Z,2022-03-21T06:11:27.9825471Z,9,110097.0,11549632.57,616991230.9
DERIBIT,https://www.deribit.com/,Deribit,2016-12-02,2022-03-21,2017-03-14T20:03:36.9946659Z,2022-03-21T06:15:34.4902831Z,69247,23980365792.47,1483254079652.36,102083471162612.9
BITBAY, https://zondaglobal.com/,Zonda (BitBay),2014-03-29,2022-02-14,2017-08-29T15:47:11.6744609Z,2022-02-14T19:10:45.8910000Z,259,0,0,0
BIBOX,https://www.bibox.com/,Bibox,2018-11-20,2022-03-21,2018-11-27T00:44:52.1671444Z,2022-03-21T06:15:35.3255111Z,856,21465261135.35,535764014900.41,15002287232908.49
UPBIT,https://upbit.com/,UPbit Korea,2018-08-20,2022-03-21,2018-08-20T23:03:42.8653704Z,2022-03-21T06:15:37.9600000Z,530,28838203.25,1072976934.16,32021513672.69
BINANCEUS,https://www.binance.us/,Binance US,2019-10-09,2022-03-21,2019-10-09T13:14:23.9239466Z,2022-03-21T06:15:37.3549640Z,195,6575711.17,226130252.0,9441522002.56
CRYPTOPIA,https://www.cryptopia.co.nz/,Cryptopia,2014-12-07,2019-05-14,2017-03-14T20:03:49.1491232Z,2019-05-14T04:39:36.3417482Z,4659,0,0,0
COINCHECK,https://coincheck.com/,coincheck,2017-03-14,2022-03-21,2017-03-14T20:03:20.5307029Z,2022-03-21T06:13:30.4649226Z,13,0,0,0
LIQUI,https://liqui.io/,Liqui,2016-09-08,2019-03-19,2017-09-21T13:45:51.3610312Z,2019-03-19T15:22:49.3593353Z,488,0,0,0
EXMO,https://exmo.com/,EXMO,2016-02-17,2022-03-21,2017-03-14T20:04:15.0007802Z,2022-03-21T06:15:36.2280335Z,263,1515123.03,34216161.3,2210894208.77
CHBTC,https://www.chbtc.com/,CHBTC,2015-05-18,2019-02-06,2015-05-19T14:31:56.5100000Z,2019-02-06T15:52:49.1677389Z,12,0,0,0
JUBI,https://www.jubi.com/,Jubi,2014-12-31,2019-04-15,2017-03-18T22:53:36.0065489Z,2019-04-15T21:16:24.2699920Z,41,0,0,0
ZAIF,https://zaif.jp/,Zaif,2017-11-08,2022-03-21,2017-12-28T21:48:26.7161574Z,2022-03-21T06:14:55.7516428Z,34,270003.09,3152053.5,99942451.45
KORBIT,https://www.korbit.co.kr/,Korbit,2013-09-03,2022-03-21,2017-03-18T22:53:39.4192811Z,2022-03-21T06:15:16.7447764Z,94,0,0,0
BTC38,http://www.btc38.com,BTC38,2017-03-16,2018-01-09,2017-03-18T22:53:45.3558927Z,2018-01-09T00:02:43.5604799Z,53,0,0,0
MTGOX,https://www.mtgox.com/,mtgox,2010-07-17,2014-02-25,-,-,15,0,0,0
LAKEBTC,https://www.lakebtc.com/,LakeBTC,2014-03-01,2021-08-01,2017-03-18T22:53:40.7300076Z,2021-08-01T09:00:00.2233333Z,10,0,0,0
BLEUTRADE,https://bleutrade.com,Bleutrade,2017-02-16,2021-10-03,2017-03-14T20:04:25.7449674Z,2021-10-03T13:51:30.0440122Z,399,0,0,0
BITCOINID,https://indodax.com/,Indodax,2018-01-05,2022-03-21,2018-01-05T15:56:05.6259966Z,2022-03-21T06:15:38.0116066Z,21,142931.44,4092850.23,215529933.73
TIDEX,https://tidex.com/,Tidex,2017-02-10,2022-03-21,2017-12-28T21:49:03.2916366Z,2022-03-21T06:10:36.5757258Z,421,2848.94,55978.63,900280300.59
ACX,https://acx.io/,ACX,2017-09-13,2021-12-09,2017-09-21T13:50:21.9301963Z,2021-12-09T23:16:36.9372028Z,38,0,0,0
BITSO,https://bitso.com/,Bitso,2017-08-29,2022-03-21,2017-08-29T15:47:12.6045423Z,2022-03-21T06:15:12.6462720Z,52,1035179.03,8650241.5,732504599.19
LIVECOIN,https://www.livecoin.net/,LiveCoin,2017-12-28,2020-12-24,2017-12-28T21:41:59.3272652Z,2020-12-24T17:23:07.1036713Z,1720,0,0,0
MIXCOINS,https://mixcoins.com/,MixCoins,2018-01-19,2021-04-09,2018-01-24T00:21:38.5122245Z,2021-04-09T22:00:35.6223081Z,11,0,0,0
VIRWOX,https://www.virwox.com/,BirWoX,2011-04-27,2020-01-06,2017-03-14T20:04:16.0302851Z,2020-01-06T09:52:30.8182707Z,12,0,0,0
BTER,https://bter.com/,Bter,2017-01-08,2018-03-10,2017-01-08T23:59:43.3338614Z,2018-03-09T23:36:52.2702686Z,208,0,0,0
MERCADOBITCOIN,https://www.mercadobitcoin.com.br/,Mercado Bitcoin,2017-03-07,2022-03-21,2017-03-14T20:05:05.6101304Z,2022-03-21T06:14:52.8277361Z,162,107961.3,21675764.91,2911480400.8
COINNEST,https://www.coinnest.co.kr/,Coinnest,2017-12-17,2019-06-26,2017-12-18T21:44:18.7514464Z,2019-06-26T12:46:48.6026282Z,22,0,0,0
CEXIO,https://cex.io/,CEX.IO,2018-01-15,2022-03-21,2018-01-24T00:21:46.8349102Z,2022-03-21T06:15:37.4337428Z,276,362833.02,13477080.3,769361092.43
THEROCKTRADING,https://www.therocktrading.com/,The Rock Trading LTD.,2011-11-09,2022-03-21,2017-03-14T20:05:17.8425642Z,2022-03-21T06:14:17.3670942Z,43,7765.37,5713289.68,58294940.27
CCEX,https://c-cex.com/,c-cex,2014-02-11,2019-06-20,2017-03-14T20:03:12.2346102Z,2019-06-20T05:19:56.7398163Z,1424,0,0,0
BITYES,https://www.bityes.com/,BitYes,2015-05-18,2019-02-06,2015-05-18T00:48:48.4730000Z,2019-02-06T15:41:13.9066836Z,2,0,0,0
QUADRIGACX,https://www.quadrigacx.com/,QuadrigaCX,2017-03-14,2019-01-28,2017-03-14T20:05:08.1246185Z,2019-01-28T21:01:56.0758582Z,11,0,0,0
BITMARKET,https://www.bitmarket.pl,BitMarket,2011-04-05,2019-07-08,2017-08-29T15:47:10.0528025Z,2019-07-08T22:04:27.4211942Z,4,0,0,0
LUNO,https://www.luno.com,Luno,2017-12-28,2022-03-21,2017-12-28T21:44:47.2651267Z,2022-03-21T06:14:12.6124397Z,4,285910.83,13430806.81,483626666.54
BTCMARKETS,https://www.btcmarkets.net/,BTC Markets Pty Ltd.,2017-12-25,2022-03-21,2017-12-28T21:38:26.3015015Z,2022-03-21T06:15:33.0694364Z,11,170727.27,5609958.73,187720500.92
VAULTORO,https://www.vaultoro.com/,Vaultoro,2017-03-14,2019-11-01,2017-03-14T20:05:23.8488070Z,2019-11-01T19:35:17.2927695Z,1,0,0,0
BTCBOX,https://www.btcbox.co.jp/,BtcBox,2018-01-24,2022-03-21,2018-01-24T00:21:41.0728293Z,2022-03-21T06:09:53.7012136Z,1,812191.37,18602327.09,1354547222.0
GATECOIN,https://gatecoin.com/,Gatecoin,2017-03-14,2019-03-13,2017-03-14T20:04:17.4937751Z,2019-03-13T14:29:02.8306514Z,10,0,0,0
GETBTC,https://getbtc.org/,GetBTC,2018-01-24,2019-02-25,2018-01-24T00:25:52.2092047Z,2019-02-25T07:57:30.2362884Z,3,0,0,0
ALLCOIN,https://www.allcoin.com/,Allcoin,2017-06-19,2020-02-25,2018-01-24T00:42:37.0818542Z,2020-02-25T01:17:27.6473725Z,130,0,0,0
COINMATE,https://coinmate.io/,Coin Mate,2017-03-14,2022-03-21,2017-03-14T20:04:13.3389084Z,2022-03-21T06:15:17.8257870Z,22,101889.04,2329323.32,148501127.59
INDEPENDENTRESERVE,https://www.independentreserve.com/,Independent Reserve,2017-09-16,2022-03-21,2017-09-21T13:39:33.4870179Z,2022-03-21T06:15:31.7716717Z,110,102975.96,2989667.9,184664532.68
COINFLOOR,https://www.coinfloor.co.uk/,coinfloor,2017-09-19,2021-10-04,2017-09-21T13:36:24.9479094Z,2021-10-04T07:57:18.4945668Z,4,0,0,0
DSX,https://dsx.uk,DSX,2017-06-07,2020-11-02,2017-08-29T15:50:33.5497414Z,2020-11-02T08:39:41.3018624Z,74,0,0,0
ABUCOINS,https://abucoins.com/,Abucoins,2017-12-27,2019-04-17,2017-12-28T21:34:28.8285993Z,2019-04-17T14:49:48.5333799Z,66,0,0,0
SOUTHXCHANGE,https://www.southxchange.com/,SouthXchange,2017-11-16,2022-03-21,2018-01-24T00:21:32.6002443Z,2022-03-21T06:15:38.1127875Z,973,1049.11,1281001594.85,124844503226.29
BTCTRADEUA,https://btc-trade.com.ua/,BTC Trade UA,2018-01-24,2022-03-21,2018-01-24T00:21:29.5498424Z,2022-03-21T06:13:21.6773954Z,35,0,0,0
KRAKENFTS,https://futures.kraken.com/,Kraken Futures,2017-11-23,2022-03-21,2017-12-19T00:37:58.6744791Z,2022-03-21T06:14:42.1910000Z,392,2313251.0,90850895.0,218464842.0
BTCX,https://bt.cx/en/,bt.cx,2016-03-27,2017-10-13,2017-03-14T20:03:53.7061506Z,2017-10-13T11:04:34.3376757Z,2,0,0,0
BITVC,https://www.bitvc.com/,BitVC.com,2017-03-16,2017-09-05,2017-03-18T22:53:36.3146226Z,2017-09-05T05:05:43.5778329Z,2,0,0,0
KUNA,https://kuna.io/,Kuna,2017-12-30,2022-03-21,2018-01-24T00:21:49.7672137Z,2022-03-21T06:14:53.9486828Z,62,13354.99,1171546.24,44078462.86
BRAZILIEX,https://braziliex.com/,Braziliex,2017-12-16,2021-08-01,2018-01-24T00:21:43.7267644Z,2021-08-01T09:00:00.2233333Z,159,0,0,0
PAYMIUM,https://www.paymium.com,Paymium,2017-03-11,2022-03-21,2017-03-14T20:05:15.5379982Z,2022-03-21T06:11:34.7967627Z,1,0,68696.64,3676982.43
BIT2C,https://www.bit2c.co.il/,Bit2C,2013-03-15,2022-03-21,2018-01-24T00:42:50.1443495Z,2022-03-21T06:12:06.3706083Z,10,0,0,0
FYBSG,https://www.fybsg.com/,FYB-SG,2013-01-07,2019-08-28,2018-01-24T00:21:35.8644461Z,2019-08-28T00:23:39.4396719Z,2,0,0,0
YUNBI,https://yunbi.com/,YUNBI,2013-09-28,2018-03-09,2017-03-14T20:04:56.4842821Z,2018-03-09T23:30:06.7432183Z,23,0,0,0
BITKONAN,https://bitkonan.com/,BitKonan,2017-08-26,2022-03-21,2017-08-29T15:47:11.5174742Z,2022-03-21T05:59:48.0142199Z,2,0,0,8037.86
FYBSE,https://www.fybse.se/,FYB-SE,2013-07-15,2019-08-28,2018-01-24T00:21:52.7701638Z,2019-08-28T13:11:39.4081373Z,1,0,0,0
BTCC,https://www.btcc.com/,BTCC,2017-09-20,2018-06-19,2017-09-21T13:35:08.7798904Z,2018-06-19T12:33:14.6691507Z,1,0,0,0
COINGI,https://coingi.com/,Coingi,2017-09-10,2022-03-21,2018-01-24T00:21:48.4137019Z,2022-03-21T06:14:05.5348347Z,28,0,12072.2,360263.73
NOVA,https://novaexchange.com/,Novaexchange,2016-04-08,2019-10-07,2018-01-24T00:21:54.1944779Z,2019-10-07T14:40:13.5873553Z,3034,0,0,0
1BTCXE,https://1btcxe.com/,1Btcxe,2018-01-23,2019-08-06,2018-01-24T00:42:37.6443449Z,2019-08-06T11:12:15.4810000Z,28,0,0,0
COINSECURE,https://coinsecure.in/,Coinsecure,2018-01-24,2018-04-10,2018-01-24T00:21:45.2925018Z,2018-04-10T05:55:15.8720000Z,1,0,0,0
VBTC,https://vbtc.vn/,VBTC.VN,2014-08-15,2022-03-21,2017-03-14T20:05:02.3943786Z,2022-03-21T05:38:51.6608397Z,5,0,0,0
SURBITCOIN,https://surbitcoin.com/,SurBitcoin,2014-08-15,2022-03-20,2017-03-18T22:53:39.8859603Z,2022-03-20T20:53:40.1359960Z,1,0,0,0
FOXBIT,https://foxbit.com.br/,Foxbit,2014-12-11,2022-03-21,2017-03-18T22:53:42.1600307Z,2022-03-21T03:07:40.3260208Z,1,0,0,0
URDUBIT,https://urdubit.com/,URDUBIT,2014-10-14,2018-09-17,2017-03-18T22:53:43.0074017Z,2018-09-17T10:29:55.2038175Z,1,0,0,0
CHILEBIT,https://chilebit.net/,CHILEBIT,2014-12-12,2021-08-01,2017-03-18T22:53:41.7026460Z,2021-08-01T09:00:00.2233333Z,1,0,0,0
RIGHTBTC,https://www.rightbtc.com/,RIGHTBTC,2019-04-18,2021-08-01,2019-04-18T09:51:49.0932046Z,2021-08-01T09:00:00.2233333Z,72,0,0,0
BITEXBOOK,https://bitexbook.com/,BITEXBOOK,2020-05-05,2022-03-21,2020-05-05T13:38:48.4307510Z,2022-03-21T06:15:28.5020688Z,123,0,0,0
P2PB2B,https://p2pb2b.io/,p2pb2b,2018-10-26,2020-12-10,2019-04-08T15:19:03.3086962Z,2020-12-10T13:54:17.1188891Z,1480,0,0,0
HANBITCO,https://www.hanbitco.com/,Hanbitco,2019-10-01,2021-03-15,2019-10-01T17:24:58.8944166Z,2021-03-15T13:45:16.9568093Z,13,0,0,0
EXTSTOCK,https://extstock.com/,ExtStock,2019-10-01,2021-08-01,2019-10-01T17:41:41.4274475Z,2021-08-01T09:00:00.2233333Z,120,0,0,0
TRADEIO,https://exchange.trade.io/,Trade.io,2018-10-09,2019-10-28,2019-04-08T15:29:00.9938327Z,2019-10-28T16:25:39.1165960Z,126,0,0,0
SATO,https://www.satoexchange.com/,SatoExchange,2020-05-05,2022-03-21,2020-05-05T13:18:58.0699561Z,2022-03-21T02:57:06.0275561Z,345,0,0,5530.36
BITASSET,https://www.bitasset.com/,BitAsset,2021-02-18,2021-04-14,2021-02-18T15:50:03.9251990Z,2021-04-14T16:32:05.0778377Z,276,0,0,0
TRADESATOSHI,https://tradesatoshi.com/,Trade Satoshi,2017-07-06,2020-02-22,2019-04-08T15:18:19.6286531Z,2020-02-22T01:31:17.2872442Z,1582,0,0,0
ABCC,https://abcc.com/,ABCC,2019-10-01,2022-03-21,2019-10-01T17:18:52.9628053Z,2022-03-21T06:15:01.9150774Z,124,0,0,0
COINEXCHANGE,https://www.coinexchange.io/,CoinExchange,2018-01-24,2019-12-04,2018-01-24T00:21:57.1628343Z,2019-12-04T03:12:24.7087885Z,1648,0,0,0
C2CX,https://www.c2cx.com/,C2CX,2019-04-08,2021-08-01,2019-04-08T15:17:57.0000000Z,2021-08-01T09:00:00.2233333Z,89,0,0,0
CROSSEXCHANGE,https://www.crossexchange.io,CROSS exchange,2020-05-05,2021-12-06,2020-05-05T13:01:30.7450935Z,2021-12-06T05:19:12.5404847Z,55,0,0,0
INSTANTBITEX,https://instantbitex.com/,Instant Bitex,2018-09-29,2020-01-20,2019-05-05T06:18:06.7114893Z,2020-01-17T16:29:08.8790150Z,292,0,0,0
HUOBIIND,https://www.huobi.com.co/,Huobi Indonesia,2020-05-05,2021-10-16,2020-05-05T00:00:00.0628272Z,2021-10-16T21:06:35.5557277Z,162,0,0,0
TIDEBIT,https://www.tidebit.com/,Tidebit,2019-10-01,2022-03-21,2019-10-01T17:28:35.1764139Z,2022-03-21T06:15:37.9040442Z,75,0,105985.85,8485684.72
LBANK,https://www.lbank.info/,LBank,2018-08-26,2022-03-21,2019-02-05T23:23:14.7624695Z,2022-03-21T06:15:31.8891294Z,1546,39497.39,11418281677090.6,123144861920828.84
UEX,https://www.uex.com/,UEX,2019-03-29,2019-04-30,2019-04-08T15:18:44.0210000Z,2019-04-30T15:42:48.2661048Z,3,0,0,0
BITEXLA,https://bitex.la/,Bitex.la,2019-04-08,2021-08-01,2019-04-08T15:29:16.9647231Z,2021-08-01T09:00:00.2233333Z,60,0,0,0
FTXUS,https://ftx.us/,FTX US,2021-08-27,2022-03-21,2021-08-27T12:23:08.9258617Z,2022-03-21T06:15:21.4477424Z,62,7332984.06,144694296.11,6105110586.78
COINRATE,https://coinrate.net/,Coinrate,2019-10-01,2020-03-20,2019-10-01T17:22:21.2092848Z,2020-03-20T19:29:57.6072267Z,5,0,0,0
KOINIM,https://koinim.com/,Koinim,2019-10-03,2022-03-21,2019-10-03T16:53:12.4213468Z,2022-03-21T06:04:29.9851315Z,6,0,0,0
BITHUMBSG,https://www.bithumbsg.com,Bithumb Singapore,2020-01-01,2021-12-29,2020-01-01T02:31:03.5760497Z,2021-12-29T14:37:13.3926868Z,31,0,0,0
BITCOINCOM,https://exchange.bitcoin.com/,Bitcoin.com,2021-05-18,2021-10-05,2021-05-18T14:00:01.0000000Z,2021-10-05T19:39:41.0000000Z,426,0,0,0
MERCATOX,https://mercatox.com,MERCATOX,2018-10-15,2022-03-21,2018-10-15T09:25:26.8771992Z,2022-03-21T06:11:26.7571248Z,788,0,0,0
BITIBU,https://bitibu.com/,Bitibu,2018-12-25,2019-12-14,2019-04-08T15:29:13.7997005Z,2019-12-14T12:39:31.6524609Z,125,0,0,0
BINANCEJEX,https://www.jex.com/en,Binance JEX,2020-05-05,2021-10-07,2020-05-05T00:00:00.7244920Z,2021-10-07T21:17:56.2160000Z,159,0,0,0
CRYPTALDASH,https://www.cryptaldash.com/,CryptalDash,2018-08-13,2022-01-09,2019-04-08T15:18:06.5579239Z,2022-01-09T22:31:25.1267542Z,641,0,0,0
DDEX,https://ddex.io/,DDEX,2019-01-22,2021-11-27,2019-01-22T20:19:06.9087747Z,2021-11-27T23:08:01.4309631Z,413,0,0,0
COINFIELD,https://www.coinfield.com/,CoinField,2019-10-01,2022-03-21,2019-10-01T15:07:29.7775558Z,2022-03-21T06:15:30.3743248Z,93,610542.17,17414861.88,708779553.3
OCEANEX,https://oceanex.pro/,OceanEx,2019-09-16,2022-03-21,2019-10-01T15:58:54.5097198Z,2022-03-21T06:15:29.3002363Z,104,3293900.88,109825267.68,16455559080.57
ALTILLY,https://www.altilly.com/,Altilly,2019-10-01,2020-12-25,2019-10-01T17:36:25.1190952Z,2020-12-25T20:26:53.5669236Z,1468,0,0,0
COINSPOT,https://www.coinspot.com.au/,CoinSpot,2019-08-28,2022-03-21,2019-08-28T12:26:19.5200249Z,2022-03-21T06:14:39.8618737Z,14,0,0,0
COINFALCON,https://coinfalcon.com/,CoinFalcon,2020-01-01,2020-07-28,2020-01-01T02:34:50.8246788Z,2020-07-28T14:42:02.7740794Z,34,0,0,0
ZEBPAY,https://www.zebapi.com/,Zebpay,2019-02-08,2022-03-21,2019-02-08T10:06:08.6901996Z,2022-03-21T06:15:05.8174275Z,179,0,0,0
OVEX,https://www.ovex.io/,OVEX,2020-05-10,2021-04-25,2020-05-10T21:44:43.3162308Z,2021-04-25T01:14:54.6565030Z,6,0,0,0
XENA,https://xena.exchange/,Xena Exchange,-,-,-,-,24,0,0,0
GOPAXKR,https://www.gopax.co.kr/,GOPAX Korea,2019-02-22,2022-03-21,2019-06-15T19:57:09.0995140Z,2022-03-21T06:14:13.5435168Z,246,157370.5,4109799.88,100216832.28
COBINHOOD,https://cobinhood.com/,COBINHOOD,2018-04-09,2019-11-26,2018-11-03T13:09:03.1540232Z,2019-11-26T12:43:52.3732509Z,179,0,0,0
CREX24,https://crex24.com/,Crex24,2019-04-08,2022-03-21,2019-04-08T15:17:55.0957550Z,2022-03-21T06:15:38.0534033Z,1784,818064.72,170167836.25,8810675994.33
CRYPTOMKT,https://www.cryptomkt.com/,CryptoMarket,2019-04-08,2021-09-11,2019-04-08T15:18:05.5157450Z,2021-09-11T05:08:36.8699192Z,20,0,0,0
BITRUE,https://www.bitrue.com/,Bitrue,2019-02-08,2022-03-21,2019-02-08T09:08:55.5368722Z,2022-03-21T06:15:37.9486014Z,1361,0,0,0
KYBER,https://kyber.network/,Kyber Network,2019-10-01,2022-02-24,2019-10-01T17:26:10.2358153Z,2022-02-24T16:09:02.3386942Z,125,0,0,0
CPATEX,https://c-patex.com/,C-Patex,2017-12-18,2022-03-21,2019-04-08T15:17:55.4599973Z,2022-03-21T05:51:26.9561701Z,257,0,34464863828.24,1614298808762.07
BITVAST,https://www.bitvast.com/,Bitvast,2020-05-05,2022-03-21,2020-05-05T13:01:32.5948284Z,2022-03-21T06:15:14.7949755Z,15,7263962.18,172373377.94,614566027.7
KOINEKS,https://koineks.com/,Koineks,2019-10-01,2020-03-24,2019-10-01T17:25:57.0756373Z,2020-03-24T12:55:01.6822612Z,18,0,0,0
SEEDCX,https://seedcx.com/,SeedCX,2019-04-18,2019-04-18,2019-04-18T18:48:00.7266042Z,2019-04-18T18:48:30.2900934Z,22,0,0,0
CRYPTONEX,https://cryptonex.org/,Cryptonex,2019-10-01,2022-03-21,2019-10-01T17:40:30.8965882Z,2022-03-21T06:15:04.1038792Z,20,0,0,0
BINANCEDEX,https://www.binance.org/,Binance DEX,2019-10-24,2022-03-21,2019-10-24T17:06:37.0000000Z,2022-03-21T06:15:32.2094118Z,275,27164.37,422661102.3,2444999245.39
ISX,https://beta.isx.is/,ISX,2019-04-02,2022-03-21,2019-04-08T15:18:01.1770888Z,2022-03-21T00:39:44.2128929Z,4,0,573.18,120515.88
OOOBTC,https://www.ooobtc.com/,OOOBTC,2019-04-08,2020-03-22,2019-04-08T15:19:04.0034189Z,2020-03-22T16:04:22.0000000Z,53,0,0,0
CASHIEREST,https://www.cashierest.com/,Cashierest,2019-02-08,2020-03-12,2019-02-08T07:59:20.3268409Z,2020-03-12T06:14:51.6178446Z,150,0,0,0
LYKKE,https://www.lykke.com/,Lykke,2018-01-24,2022-03-21,2018-01-24T00:21:30.1220000Z,2021-04-12T23:32:56.0430400Z,502,7406.9,584303.42,28879980.89
BITRABBIT,https://bitrabbit.com/,Bitrabbit,2019-10-01,2021-11-21,2019-10-01T17:20:03.3672856Z,2021-11-21T03:35:00.7660878Z,213,0,0,0
ALLBIT,https://allbit.com/,Allbit,2020-01-01,2021-03-29,2020-01-01T02:28:44.9223852Z,2021-03-29T00:17:56.0508030Z,35,0,0,0
TOKENS,https://www.tokens.net/,Tokens.net,2019-10-01,2021-02-16,2019-10-01T17:28:46.7499049Z,2021-02-16T11:14:18.0016893Z,98,0,0,0
MANDALA,https://www.mandala.exchange/,Mandala,2021-03-12,2021-08-01,2021-03-12T23:31:27.1769842Z,2021-08-01T09:00:00.2233333Z,1129,0,0,0
BITKER,https://www.bitker.com/,BITKER,2019-05-05,2019-09-01,2019-05-05T07:21:16.3119958Z,2019-09-01T16:14:33.1199482Z,45,0,0,0
BITINKA,https://www.bitinka.com/,Bitinka,2019-02-08,2022-03-21,2019-02-08T07:47:15.6160385Z,2022-03-21T06:15:05.6184427Z,467,0,0,0
RADARRELAY,https://radarrelay.com/,Radar Relay,2019-10-01,2020-01-06,2019-10-01T17:27:42.1386007Z,2020-01-06T17:42:11.8769664Z,50,0,0,0
SIMEX,https://simex.global/,SIMEX,2017-11-06,2022-03-20,2019-02-05T23:26:47.3672455Z,2022-03-20T14:11:06.2857441Z,1206,0,2003593.75,7620476425.3
BITFOREX,https://bitforex.com/,BitForex,2018-09-04,2022-03-21,2018-10-13T17:03:50.8150924Z,2022-03-21T06:15:35.1383412Z,763,689626074113.42,18157428430370.4,587267205642335.5
CRYPTOMATE,https://cryptomate.co.uk/,Cryptomate,2019-10-03,2021-10-04,2019-10-03T16:48:07.4935476Z,2021-10-04T14:56:09.0988667Z,34,0,0,0
BITHESAP,https://www.bithesap.com/,Bithesap,2019-10-01,2022-03-21,2019-10-01T17:36:53.4673826Z,2022-03-21T04:51:52.3431961Z,3,0,0,0
BIGONE,https://big.one/,BigONE,2018-09-20,2022-03-21,2019-04-08T15:28:53.6306458Z,2022-03-21T06:15:37.6378826Z,668,127782633.64,3170844790.0,938872672860.0
COINEGG,https://www.coinegg.com/,COINEGG,2019-04-08,2022-03-21,2019-04-08T15:19:03.6052763Z,2022-03-21T06:14:15.3601862Z,407,0,0,0
CRYPTOLOGY,https://cryptology.com/,Cryptology,2019-10-01,2022-03-21,2019-10-01T17:23:08.0259193Z,2022-03-21T06:15:38.2306362Z,83,1059320.44,36662760.08,1193956338.79
IDEXETH,https://idex.io/,IDEX ETH,2021-05-21,2021-11-29,2021-05-21T16:52:45.1170000Z,2021-11-29T19:35:23.4490000Z,161,0,0,0
BTCALPHA,https://btc-alpha.com/,BTC-Alpha,2018-02-27,2022-03-21,2018-02-27T00:50:55.7520000Z,2022-03-21T05:52:13.9060000Z,321,275927.62,10097127.53,470500680.8
NERAEXPRO,https://neraex.pro/,Neraex,2019-10-01,2019-11-26,2019-10-01T17:26:58.6632937Z,2019-11-26T10:07:52.1875815Z,17,0,0,0
COINLIM,https://www.coinlim.com/,Coinlim,2019-10-01,2020-06-23,2019-10-01T17:21:49.2472129Z,2020-06-23T10:00:04.7006628Z,111,0,0,0
COINJAR,https://www.coinjar.com/,CoinJar,2019-04-08,2022-03-21,2019-04-08T15:33:59.7240510Z,2022-03-21T06:15:20.2964028Z,127,0,0,0
BITPANDAPRO,https://www.bitpanda.com/en/pro,Bitpanda Pro,2020-05-05,2022-03-21,2020-05-05T13:00:48.1306613Z,2022-03-21T06:14:29.2992848Z,38,272398.6,4057402.39,202829650.43
PROBIT,https://www.probit.com,ProBit Exchange,2020-01-01,2022-03-20,2020-01-01T02:45:08.1321816Z,2022-03-20T19:54:20.0412434Z,1659,0,0,0
BITKUB,https://www.bitkub.com/,Bitkub,2019-04-16,2022-03-21,2019-04-16T18:32:57.0850620Z,2022-03-21T06:15:35.5078602Z,70,65320244.07,1013391797.81,52482889473.88
LATOKEN,https://latoken.com/,LATOKEN,2018-01-05,2022-03-21,2019-10-01T17:26:06.1223999Z,2022-03-21T06:15:33.5286696Z,2745,1881939405.7,47549061828.08,1499477927503.57
NOVADAX,http://www.novadax.com.br/,NovaDAX,2020-05-05,2022-03-21,2020-05-05T00:00:00.7917541Z,2022-03-21T06:15:21.3781735Z,229,139420.68,10042723.73,2900735972.68
CCXCANADA,https://ccxcanada.com/,CCXCanada,2019-03-18,2020-07-07,2020-01-01T02:33:37.1235218Z,2020-07-07T00:04:48.4735258Z,40,0,0,0
EXRATES,https://exrates.me/,Exrates,2019-10-01,2022-03-18,2019-10-01T17:41:26.5496979Z,2022-03-18T08:24:15.9583261Z,852,0,0,207201917.87
NOCKS,https://nocks.com/,Nocks,2019-04-06,2020-05-20,2019-04-08T15:28:53.9561591Z,2020-05-20T21:56:30.3136466Z,1,0,0,0
CATEX,https://www.catex.io/,Cat.Ex,2019-07-13,2022-03-21,2019-10-01T17:21:04.4309552Z,2022-03-21T06:15:16.9554723Z,421,16939413.87,4226810131.09,114601917431.39
CRYPTOBRIDGE,https://crypto-bridge.org/,CryptoBridge,2019-04-08,2019-12-15,2019-04-08T15:50:11.1032719Z,2019-12-15T23:59:19.6170348Z,605,0,0,0
COINHUB,https://coinhub.io/,Coinhub,2018-11-29,2020-09-09,2019-04-18T12:50:27.9351772Z,2020-09-09T21:11:33.1786992Z,36,0,0,0
LUKKI,https://lukki.io/,Lukki Exchange,2020-05-05,2021-04-02,-,-,122,0,0,0
BITSTORAGE,https://bitstorage.finance/,BITStorage,2020-05-05,2022-03-21,2020-05-05T16:55:33.1626651Z,2022-03-21T06:12:29.4632845Z,47,5100311.9,121443259.87,545518439.13
IDEXBSC,https://idex.io/,IDEX BSC,2021-06-22,2021-11-27,2021-06-22T10:58:01.4630000Z,2021-11-27T01:05:31.5990017Z,115,0,0,0
COINSBIT,https://coinsbit.io/,Coinsbit,2019-10-01,2022-03-21,2019-10-01T15:06:47.0737928Z,2022-03-21T06:15:36.8200262Z,1683,19227851.51,373140203.03,348397509276.82
HUOBIFTS,https://futures.huobi.com/,Huobi Futures,2021-04-19,2022-03-21,2021-04-19T10:42:01.7393191Z,2022-03-21T06:15:29.8738734Z,1047,24918669047.67,1041695511663.65,54648777260848.39
MXC,https://www.mxc.com/,MXC,2020-05-05,2021-09-09,2020-05-05T00:00:00.1335099Z,2021-09-09T14:11:56.7420550Z,1419,0,0,0
STELLARPORT,https://stellarport.io/,Stellarport,2019-10-01,2020-05-30,2019-10-01T17:28:13.0372611Z,2020-05-30T23:13:33.8370847Z,1587,0,0,0
MODIAX,https://www.modiax.com/,MODIAX,2018-10-24,2021-03-29,2019-02-05T23:23:14.0000000Z,2021-03-29T14:59:29.0000000Z,7,0,0,0
ANXPRO,https://anxpro.com/,ANXPro,2018-01-24,2019-08-06,2018-01-24T00:42:31.5662178Z,2019-08-06T11:10:04.4630000Z,19,0,0,0
GOPAX,https://www.gopax.com/,GOPAX,2018-02-23,2021-03-23,2019-04-08T15:18:02.2897595Z,2021-03-23T07:25:55.1227857Z,172,0,0,0
XS2,https://xs2.exchange/,XS2,2019-04-18,2019-08-06,2019-04-18T13:01:43.4096374Z,2019-08-06T12:04:33.7215024Z,104,0,0,0
DRAGONEX,https://dragonex.io/,DragonEX,2019-04-23,2022-02-10,2019-04-23T10:04:29.5913126Z,2022-02-10T21:17:39.3181540Z,197,0,0,0
BINANCEJE,https://www.binance.je/,Binance Jersey,2019-10-09,2020-11-10,2019-10-09T13:14:59.9761514Z,2020-11-10T00:02:46.1790000Z,11,0,0,0
SATANGPRO,https://satang.pro/,Satang Pro,2019-04-08,2022-03-21,2019-04-08T20:44:37.6240192Z,2022-03-21T06:15:14.5812463Z,7,0,0,0
PARIBU,https://www.paribu.com/,Paribu,2019-10-01,2022-01-27,2019-10-01T17:27:26.1924563Z,2022-01-27T11:00:23.3687310Z,93,0,0,0
BTSE,https://www.btse.com/,BTSE,2020-05-15,2022-03-21,2020-05-15T00:21:49.5017120Z,2022-03-21T06:14:29.4591772Z,1910,0,0,0
BEQUANT,https://bequant.io/,BEQUANT,2021-02-18,2022-03-21,2021-02-18T15:50:00.4558754Z,2022-03-21T06:15:33.3616143Z,220,52402941.02,1803104598.42,77876354761.86
FATBTC,https://www.fatbtc.com/,FatBTC,2019-04-18,2020-06-14,2019-04-18T09:54:11.3260416Z,2020-06-14T08:27:06.2789789Z,69,0,0,0
FCOIN,https://www.fcoin.com/,FCoin,2018-10-03,2020-02-10,2019-10-01T17:24:08.7882764Z,2020-02-10T15:47:33.0936056Z,324,0,0,0
HUOBIRU,http://huobi.com.ru/,Huobi Russia,2020-07-28,2020-12-11,2020-07-28T15:17:33.0948743Z,2020-12-11T11:01:42.5251976Z,468,0,0,0
CURRENCYCOM,https://currency.com/,Currency.com,2020-05-05,2022-03-21,2020-05-05T16:17:24.5303681Z,2022-03-21T06:15:18.4510000Z,1309,25006122.26,52809355.61,3466095860.99
COINPLACE,https://coinplace.pro/,CoinPlace,2019-10-01,2020-03-19,2019-10-01T17:22:11.6637319Z,2020-03-19T16:08:07.1019022Z,55,0,0,0
FOLGORY,https://folgory.com/,Folgory,2020-09-16,2022-03-21,2020-09-22T14:53:06.1317446Z,2022-03-21T06:08:28.6734232Z,383,690200.66,15569482.96,516568897.18
STORMGAIN,https://stormgain.com,StormGain,2020-05-05,2022-03-21,2020-05-05T16:16:25.3897239Z,2022-03-21T06:15:36.9374225Z,18,0,0,0
BITSANE,https://bitsane.com/,Bitsane,2018-01-08,2019-06-17,2019-04-08T15:18:18.8301553Z,2019-06-17T11:22:58.1901039Z,146,0,0,0
DOBI,https://www.dobiexchange.com/,DOBI,2019-08-28,2020-07-17,2019-08-28T21:24:35.8550888Z,2020-07-17T02:06:48.0577514Z,99,0,0,0
BHEX,https://www.bhex.com/,BHEX,2019-01-21,2021-11-24,2019-01-21T19:18:16.5708674Z,2021-11-24T10:29:22.0194581Z,505,0,0,0
CRYPTONBTC,https://cryptonbtc.com/,Crypton,2018-08-27,2021-01-13,2019-04-08T15:29:02.1642974Z,2021-01-13T23:43:43.0250018Z,62,0,0,0
WAZIRX,https://wazirx.com/,WazirX,2018-07-06,2022-03-20,2019-10-01T17:30:04.4325761Z,2022-03-20T17:25:22.0274900Z,543,0,5074379.57,501459751.18
CITEX,https://www.citex.co.kr/,CITEX,2020-05-05,2022-02-15,2020-05-05T17:04:32.3132572Z,2022-02-15T14:19:46.2446277Z,18,0,0,0
COINDEAL,https://coindeal.com/,Coindeal,2019-10-01,2022-03-21,2019-10-01T17:21:35.0250361Z,2022-03-21T06:14:24.1873537Z,52,0,0,0
COINTIGER,https://www.cointiger.com/,CoinTiger,2018-11-20,2020-07-28,2018-11-20T15:24:51.7878874Z,2020-07-28T15:11:31.8052057Z,343,0,0,0
BITSHARES,http://cryptofresh.com/,BitShares Asset Exchange,2019-10-01,2020-03-31,2019-10-01T17:20:06.6867229Z,2020-03-31T00:15:41.8515575Z,541,0,0,0
BITHUMBPRO,https://www.bithumb.pro/,Bithumb Global,2019-10-01,2022-03-21,2019-10-01T17:19:26.0681083Z,2022-03-21T06:15:29.9373701Z,455,4998584.96,386120556.19,66567529266.33
COINSPRO,https://pro.coins.asia/,Coins Pro,2018-03-09,2022-03-21,2018-11-08T20:09:36.9821552Z,2022-03-21T06:14:46.7600000Z,25,0,0,0
BITBANK,https://bitbank.cc/,Bitbank,2018-09-09,2022-03-21,2018-09-09T12:57:18.2867320Z,2022-03-21T06:15:03.7669595Z,8,801410.54,24498250.78,1313416290.01
DEXTOP,https://dex.top/,DEx.top,2019-05-10,2020-05-10,2019-10-01T17:23:50.9496930Z,2020-05-10T22:02:52.5421746Z,27,0,0,0
OVIS,https://www.ovis.com.tr/,Ovis,2019-04-08,2020-05-19,2019-04-08T15:18:03.8366018Z,2020-05-19T22:23:52.5115974Z,17,0,0,0
HBDM,https://www.hbdm.com/,Huobi DM,2019-07-29,2022-03-21,2019-07-29T23:14:19.8635260Z,2022-03-21T06:15:38.2183162Z,1619,13345607280.76,440719187758.92,240832295186243.53
HUOBIKR,https://www.huobi.co.kr/,Huobi Korea,2020-01-15,2022-02-27,2020-01-15T16:41:21.2798163Z,2022-02-27T13:20:43.7187331Z,970,0,0,62.67
IDCM,https://www.idcm.io/,IDCM,2019-02-03,2022-03-21,2019-02-05T23:29:27.8946927Z,2022-03-21T06:07:37.8402238Z,67,3382055.5,63560577.59,4393699755885.94
FTX,https://ftx.com/,FTX,2020-02-27,2022-03-21,2020-02-27T12:54:29.3219825Z,2022-03-21T06:15:38.3146118Z,1516,290953466.22,8507377488.55,459475299213.25
BITBNS,https://bitbns.com/,Bitbns,2019-10-01,2022-03-21,2019-10-01T17:19:09.0483960Z,2022-03-21T06:15:34.6390271Z,33,0,0,0
WAVESPLATFORM,http://www.wavesplatform.com/,Waves Decentralized Exchange,2019-04-26,2020-07-26,-,-,828,0,0,0
BINANCEFTSC,https://www.binance.com/,Binance Futures (Coin/fapi),2020-08-05,2022-03-21,2020-08-05T11:23:05.7002929Z,2022-03-21T06:15:26.0940000Z,123,49094795184.93,1900095328064.92,100885522336617.27
OKEXKR,https://okex.co.kr,OKEx Korea,2020-01-01,2021-04-16,2020-01-01T02:44:59.0948277Z,2021-04-16T04:00:32.9449256Z,420,0,0,0
VINDAX,https://vindax.com/,VinDAX,2019-08-05,2022-03-21,2019-10-14T22:47:16.7528901Z,2022-03-21T06:09:02.2959223Z,1888,0,0,0
OPENLEDGER,https://dex.openledger.io/,OpenLedger DEX,2017-10-08,2020-06-28,2019-04-08T15:18:00.4299525Z,2020-06-28T13:29:23.7642737Z,558,0,0,0
COINBENE,https://www.coinbene.com/,CoinBene,2018-06-08,2020-10-28,2018-11-02T12:29:50.6703027Z,2020-10-28T07:06:25.1203839Z,424,0,0,0
OTCBTC,https://otcbtc.com/,OTCBTC,2018-02-10,2022-02-07,2019-04-08T15:18:07.0167609Z,2021-12-12T15:59:57.3466020Z,99,0,0,0
COINUT,https://coinut.com/,Coinut,2019-04-23,2022-03-21,2019-04-23T10:02:37.6631490Z,2022-03-21T06:14:14.2411221Z,42,0,0,2852.9
HBTC,https://www.hbtc.com/,HBTC,2020-05-05,2021-11-24,2020-05-05T17:05:00.4421229Z,2021-11-24T10:30:01.2261703Z,497,0,0,0
YUNEX,https://yunex.io/,YunEx,2019-04-08,2022-03-19,2019-04-08T15:17:56.3251936Z,2022-03-19T12:57:12.2095411Z,17,0,0,341792271.42
INDOEX,https://international.indoex.io/,IndoEx,2020-05-05,2022-03-21,2020-05-05T00:00:10.1717932Z,2022-03-21T06:02:46.2510977Z,4038,7026141.59,38429335829.91,2117588915230.83
TOPBTC,https://topbtc.com/,TOPBTC,2019-10-03,2022-01-04,2019-10-03T16:59:06.3521131Z,2022-01-04T00:44:19.0735415Z,72,0,0,0
BIKI,https://www.biki.com/,BiKi,2019-10-01,2021-11-01,2019-10-01T15:06:19.1645252Z,2021-11-01T09:44:03.2379679Z,921,0,0,0
COINDCX,https://coindcx.com/,CoinDCX,-,-,-,-,1270,0,0,0
HEATWALLET,https://heatwallet.com/,Heat Wallet,-,-,-,-,22,0,0,0
COINCORNER,https://www.coincorner.com/,CoinCorner,2018-04-13,2020-07-28,2019-10-01T17:21:35.8361975Z,2020-07-28T15:10:31.3706473Z,2,0,0,0
LXDX,https://www.lxdx.co,LXDX,2019-04-18,2019-10-29,2019-04-18T12:44:36.0137903Z,2019-10-29T12:59:28.1318347Z,6,0,0,0
ALTERDICE,https://alterdice.com/,Alterdice,2019-12-03,2022-03-21,2020-01-01T02:28:28.7290116Z,2020-07-28T15:05:40.6173713Z,260,20704570697.81,638516785786.4,17000816786005.85
STEX,https://www.stex.com/,STEX,2019-01-27,2020-02-13,2019-01-28T11:54:44.3898047Z,2020-02-13T09:35:17.5065012Z,617,0,0,0
COINSBANK,https://coinsbank.com/,CoinsBank,2019-10-01,2022-03-18,2019-10-01T17:22:29.5082903Z,2022-03-18T11:28:39.2917396Z,12,0,0,341.15
ALTCOINTRADER,https://www.altcointrader.co.za/,Altcoin Trader,2019-04-08,2022-03-21,2019-04-08T15:19:06.0909149Z,2022-03-21T06:13:50.5662107Z,29,0,0,0
ARTISTURBA,https://artisturba.com/,Artis Turba,2020-05-10,2022-01-28,2020-09-07T14:37:09.4097145Z,2022-01-27T08:05:54.7670157Z,32,0,0,0
COINALL,https://www.coinall.com/,Coinall,2019-04-18,2021-03-12,2019-04-18T12:50:27.7633096Z,2021-03-12T06:24:29.1724413Z,540,0,0,0
CPDAX,https://www.cpdax.com/,CPDAX,2019-10-03,2020-11-30,2019-10-03T16:47:47.1334736Z,2020-11-30T05:54:15.7484829Z,35,0,0,0
BITEXLIVE,https://bitexlive.com/,BITEXLIVE,2020-05-16,2022-03-21,2020-05-16T07:45:06.0671899Z,2022-03-21T06:08:05.7519441Z,148,22143.38,1542888.55,30058946.25
SWITCHEO,https://switcheo.network/,Switcheo Network,2019-04-18,2022-02-14,2019-04-18T12:50:23.1966422Z,2022-02-14T16:02:51.3295053Z,226,0,0,0
KRYPTONO,https://kryptono.exchange/,Kryptono,2019-01-03,2021-02-22,2019-04-08T15:19:05.1120000Z,2021-02-22T13:09:43.5570000Z,51,0,0,0
ICE3X,https://ice3x.com/,iCE3X,2019-05-04,2021-04-08,2019-05-05T07:11:44.8183536Z,2021-04-08T16:55:07.0986948Z,26,0,0,0
TIMEX,https://timex.io/,TimeX,2020-05-05,2022-03-21,2020-05-05T13:18:39.4245701Z,2022-03-21T06:15:18.8328268Z,45,1306785.43,28259343.58,1374051939.21
DCOIN,https://www.dcoin.com/,Dcoin,2020-05-05,2022-03-21,2020-05-05T13:01:34.7531775Z,2022-03-21T06:15:36.2022172Z,323,26012819.16,603302693.43,20115880762.75
NEGOCIECOINS,http://www.negociecoins.com.br/,Negocie Coins,2019-04-08,2019-09-01,2019-04-08T15:17:57.9165736Z,2019-09-01T02:57:08.8225151Z,7,0,0,0
PHEMEX,https://phemex.com/,Phemex,2021-05-21,2022-03-21,2021-05-21T16:40:24.4944197Z,2022-03-21T06:15:38.2086674Z,136,84856922.93,3529617575.77,192898173570.57
SISTEMKOIN,https://sistemkoin.com/,Sistemkoin,2019-04-08,2021-04-14,2019-04-08T15:17:55.3330949Z,2021-04-14T14:25:52.8685566Z,735,0,0,0
IDAX,https://www.idax.pro/,IDAX,2019-02-03,2020-05-29,2019-02-05T23:28:43.4514691Z,2020-05-29T22:56:36.7453273Z,432,0,0,0
FEX,http://fexpro.net/,FEX,2020-05-05,2021-03-23,2020-05-05T00:03:05.2148611Z,2021-03-23T23:29:29.5061008Z,68,0,0,0
VELIC,https://www.velic.io/,VELIC,2019-10-01,2022-03-21,2019-10-01T17:47:07.3706738Z,2022-03-21T05:28:19.3731662Z,53,0,0,0
BIONE,https://www.bione.cc/,Bione,2020-05-05,2020-08-01,2020-05-05T13:01:28.7115175Z,2020-08-01T02:14:43.3449226Z,64,0,0,0
DEXTRADE,https://dex-trade.com/,Dex-Trade,2020-05-05,2022-03-21,2020-05-05T17:04:57.2696186Z,2022-03-21T06:15:35.0285503Z,692,0,0,0
BGOGO,https://bgogo.com/,Bgogo,2019-04-08,2022-03-21,2019-04-08T15:17:59.1913899Z,2022-03-21T06:10:40.0410742Z,89,36.12,5047.71,47445566.19
LOCALTRADE,https://localtrade.cc/,LocalTrade,2019-10-01,2021-04-29,2019-10-01T17:43:34.3583744Z,2021-04-29T09:22:24.4932765Z,138,0,0,0
OMGFIN,https://omgfin.com/,Omgfin,2020-05-10,2022-03-21,2020-05-14T12:10:34.7033990Z,2022-03-21T06:15:36.3731912Z,186,128342.03,2718263.19,69716504.63
SHORTEX,https://shortex.net/,Shortex ,2020-05-05,2020-10-26,2020-05-05T13:01:09.8265289Z,2020-10-26T15:49:04.9320112Z,30,0,0,0
EXX,https://www.exx.com/,EXX,2018-07-21,2020-09-01,2018-10-17T07:33:03.0000000Z,2020-09-01T14:45:40.0000000Z,371,0,0,0
BITMART,https://www.bitmart.com/,BitMart,2019-02-21,2020-01-31,2019-02-21T13:39:20.5728310Z,2020-01-31T07:59:03.2329224Z,1289,0,0,0
TOKOK,https://www.tokok.com,TokTok,2019-04-08,2022-03-21,2019-04-08T15:19:02.7190000Z,2022-03-21T06:15:15.1910000Z,215,9228146.12,212249864.05,8025890301.14
DELTAEXCHANGE,https://www.delta.exchange/,Delta Exchange,2020-05-05,2022-03-21,2020-05-05T13:18:46.2872655Z,2022-03-21T06:07:44.3549932Z,15524,11208715.78,358673742.87,10015797479.7
LITEBIT,https://www.litebit.eu/,LiteBit.eu,2019-10-01,2021-10-29,2019-10-01T17:26:19.9865465Z,2021-10-29T12:06:32.8135073Z,66,0,0,0
COINMEX,https://www.coinmex.com/,CoinMex,2018-07-04,2020-03-03,2019-04-08T15:19:05.2653890Z,2020-03-03T23:49:26.9246506Z,63,0,0,0
CRXZONE,https://www.crxzone.com/,CRXzone,2017-07-13,2021-11-19,2019-04-08T15:17:55.5549491Z,2021-11-19T10:39:10.6372148Z,6,0,0,0
ETOROX,https://www.etorox.com/,eToroX,2021-03-02,2022-03-21,2021-03-02T17:59:32.2830000Z,2022-03-21T06:14:47.3030000Z,71,1008076.8,27732374.37,1814177330.06
BCEX,https://www.bcex.ca/,BCEX,2019-02-21,2019-10-01,2019-02-21T13:34:20.6475263Z,2019-10-01T16:57:33.4731161Z,21173,0,0,0
BYBIT,https://www.bybit.com/,Bybit,2019-10-01,2022-03-21,2020-01-01T02:33:23.6004701Z,2022-03-21T06:15:38.2067723Z,142,144457990.4,4271558651.63,141924304665.35
BINANCEOPTV,https://www.binance.com/,Binance Options Vanilla (vapi),2021-02-18,2022-03-21,2021-02-18T15:49:50.5520000Z,2022-03-21T06:15:22.1990000Z,1542,1457052.84,5588989.09,87571228314.45
ZB,https://www.zb.com/,ZB,2018-12-29,2020-09-21,2019-02-19T17:05:16.1489961Z,2020-09-16T19:55:55.2073559Z,297,0,0,0
GM55,https://www.55.com/,55 Global Markets,2019-08-28,2020-03-09,2019-10-01T17:24:48.7546688Z,2020-03-09T02:42:29.9170538Z,53,0,0,0
TRADEOGRE,https://tradeogre.com/,TradeOgre,2019-04-08,2022-03-21,2019-04-08T15:18:03.9093034Z,2022-03-21T06:15:31.8414511Z,141,31792.05,7393683.85,6023004529.51
ETHFINEX,https://www.ethfinex.com/,Ethfinex,2019-10-01,2020-07-25,2019-10-01T17:23:55.4003231Z,2020-07-25T18:40:58.6456707Z,423,0,0,0
BKEX,https://www.bkex.com/,BKEX,2019-10-01,2022-03-20,2019-10-01T17:20:16.3599703Z,2022-03-20T01:30:41.1617798Z,1500,0,0,1686531817162.58
BITMAX,https://ascendex.com/,Bitmax (AscendEX),2019-04-08,2022-03-21,2019-04-08T15:17:56.3251936Z,2022-03-21T06:15:27.5950000Z,515,4576490.78,292333170.23,303100096782.19
COINEAL,https://www.coineal.com/,Coineal,2019-10-01,2022-03-20,2019-10-01T17:21:59.2409145Z,2022-03-20T03:01:32.4180419Z,234,0,0,2051111054210.23
VALR,https://www.valr.com/,Valr,2020-12-17,2022-03-21,2020-12-17T22:46:18.0202663Z,2022-03-21T06:15:08.2383508Z,135,0,0,0
XBTCE,https://www.xbtce.com/,xBTCe,2017-03-18,2022-01-06,2017-03-18T22:49:12.8140463Z,2022-01-06T02:47:28.7625623Z,119,0,0,0
EZBTC,https://www.ezbtc.ca/,ezBtc,2019-04-05,2019-08-25,2019-04-08T15:33:51.6786671Z,2019-08-25T21:44:43.9443608Z,1,0,0,0
GATEHUB,https://www.gatehub.net/,Gatehub,2021-03-02,2022-03-21,2021-03-05T11:27:04.6783039Z,2022-03-21T06:15:17.6047527Z,12,2613.05,133420.37,15534737.76
BITFLYERLTNG,https://lightning.bitflyer.com/,bitFlyer Lightning,2019-10-01,2022-03-21,2019-10-01T17:19:29.0930134Z,2022-03-21T06:09:07.3437343Z,88,7991014.34,228822845.09,8546569599.89
BITVAVO,https://bitvavo.com,Bitvavo,2020-05-05,2022-03-21,2020-05-05T13:01:26.5780423Z,2022-03-21T06:15:38.0659047Z,221,2669771.63,99806662.88,4083637914.44
BBX,https://bbx.com/,BBX,2019-04-16,2021-08-01,2019-04-16T18:37:21.9447736Z,2021-08-01T09:00:00.2233333Z,53,0,0,0
DUEDEX,https://duedex.com/,DueDEX,2020-01-09,2021-08-01,2020-01-09T15:14:50.8135995Z,2021-08-01T09:00:00.2233333Z,1,0,0,0
BW,https://www.bw.com/,BW,2019-02-21,2022-03-21,2019-02-21T13:42:50.9700312Z,2022-03-21T06:15:30.0000000Z,436,842033.01,20978642.98,987946992.67
VEBITCOIN,https://www.vebitcoin.com/,Vebitcoin,2018-10-01,2020-05-01,2018-10-01T16:58:44.7700000Z,2020-05-01T22:54:47.8195584Z,61,0,0,0
BIRAKE,https://birake.com/,Birake Network,2021-02-18,2022-03-21,2021-02-18T15:49:30.3361085Z,2022-03-21T06:11:37.1227302Z,142,1854.14,919000.73,30822176.7
BASEFEX,https://www.basefex.com/,BaseFEX,2020-05-05,2021-12-30,2020-05-05T00:00:00.3622353Z,2021-12-30T16:17:53.5305372Z,12,0,0,0
COSS,https://www.coss.io/,COSS,2018-12-07,2020-01-07,2019-04-08T15:18:19.4240000Z,2020-01-07T12:24:01.1100000Z,357,0,0,0
RFINEX,https://rfinex.com/,Rfinex,2019-10-01,2020-11-11,2019-10-01T17:27:40.2095117Z,2020-11-11T01:06:46.0205579Z,63,0,0,0
HUOBIJP,https://www.huobi.co.jp/,Huobi Japan,2020-05-15,2022-03-21,2020-05-15T00:21:26.6308783Z,2022-03-21T06:15:38.3684537Z,43,1137842.13,27964312.78,1118693791.72
TOKENOMY,https://tokenomy.com/,Tokenomy,2018-09-15,2022-03-21,2019-04-08T15:17:58.6208307Z,2022-03-21T06:02:36.1328954Z,69,7284.81,236925.74,11346884.65
DIGIFINEX,https://www.digifinex.com/,DigiFinex,2019-02-19,2020-07-28,2019-02-19T17:11:50.0000000Z,2020-07-28T15:13:38.2242862Z,637,0,0,0
WHITEBIT,https://whitebit.com/,WhiteBit,2019-08-12,2022-03-21,2019-10-01T17:47:42.7491926Z,2022-03-21T06:15:23.9753730Z,659,6193101.79,162352897.92,4678312994.04
BITUBU,https://bitubu.com/,BitUBU,2020-05-05,2022-03-21,2020-05-05T13:01:40.9583748Z,2022-03-21T06:15:18.4983393Z,139,432072.33,11896491.56,343938996.15
BUDA,https://www.buda.com/,Buda,2019-04-08,2022-03-21,2019-04-08T15:18:03.9526203Z,2022-03-21T06:14:44.1061817Z,24,184260.39,3810711.31,62440506.2
FREIEXCHANGE,https://freiexchange.com/,FreiExchange,2019-10-01,2020-07-28,2019-10-01T15:06:20.3857783Z,2020-07-28T15:12:53.4807206Z,281,0,0,0
STRONGHOLD,https://stronghold.co/,Stronghold,2019-04-08,2019-04-30,2019-04-08T15:17:54.1560666Z,2019-04-30T22:53:43.8462303Z,9,0,0,0
COINSQUARE,https://coinsquare.com/,Coinsquare,-,-,-,-,21,0,0,0
CRYPTOCOM,https://crypto.com/exchange,Crypto.com,2021-12-24,2022-03-21,2021-12-28T08:29:14.4997431Z,2022-03-21T06:15:37.2779497Z,322,138106010.39,3553655659.45,65928812388.6
POLONIEXFTS,https://poloniex.com/futures,Poloniex Futures,2021-02-18,2022-03-21,2021-02-18T15:52:43.4041116Z,2022-03-21T06:15:01.1391990Z,25,42970342.31,2199177403.24,32885024905.91
AIDOSMARKET,https://aidosmarket.com/,AidosMarket,2019-04-08,2021-02-27,2019-04-08T15:49:37.4273648Z,2021-02-27T13:57:10.2994597Z,1,0,0,0
TRIVPRO,https://tpro.co.id/,Triv Pro,2020-05-05,2022-03-21,2020-05-05T17:04:30.5388591Z,2022-03-21T06:11:16.8748835Z,12,1939489.66,77994868.37,185506764.8
GDAC,https://www.gdac.com/,GDAC,2019-10-01,2022-03-21,2019-10-01T17:25:23.5736614Z,2022-03-21T06:01:02.3287653Z,87,186887.08,4939096.52,145750375.51
BTCEXCHANGE,https://www.btc-exchange.com/,BTC-exchange,2020-05-05,2022-03-21,2020-05-05T13:01:35.2866584Z,2022-03-21T06:15:11.2749687Z,8,47741.91,192913.35,4687581.73
ZG,https://www.zg.com/,ZG.com,2020-05-05,2020-05-14,2020-05-05T13:17:56.0132441Z,2020-05-14T01:59:34.7596618Z,243,0,0,0
BISQ,https://bisq.network/,Bisq,2020-01-01,2022-02-15,2020-01-01T02:29:21.8875956Z,2022-02-15T14:20:32.8920896Z,275,0,0,0
GULDENTRADER,https://guldentrader.com/,GuldenTrader,2019-10-01,2020-05-17,2019-10-01T17:24:56.5974189Z,2020-05-15T12:00:34.2618909Z,10,0,0,0
BITCOINTRADE,https://www.bitcointrade.com.br/,BitcoinTrade,2019-10-01,2021-08-01,2019-10-01T17:19:15.5446323Z,2021-08-01T09:00:00.2233333Z,5,0,0,0
BINANCEFTS,https://www.binance.com/,Binance Futures (USDT/dapi),2019-10-07,2022-03-21,2019-10-07T08:45:23.0951195Z,2022-03-21T06:15:37.1600000Z,168,1425135135.74,36578100539.66,1404380123014.57
FISCO,https://fcce.jp/,Fisco,2018-09-03,2020-02-07,2019-04-08T15:17:45.9541523Z,2020-02-07T00:58:56.7924991Z,5,0,0,0
CHAOEX,https://www.chaoex.com,CHAOEX,2019-06-03,2020-09-05,2019-10-01T17:21:35.3589807Z,2020-09-05T22:55:32.9797584Z,118,0,0,0
GRAVIEX,https://graviex.net/,Graviex,2018-05-23,2022-03-21,2019-04-08T15:18:05.3893240Z,2022-03-21T06:15:36.6701702Z,850,1608.75,249903.84,286855383.42
INFINITYCOIN,https://infinitycoin.exchange/,InfinityCoin Exchange,2019-10-01,2020-07-28,2019-10-01T17:47:26.8021370Z,2020-07-28T07:06:11.7867418Z,1,0,0,0
HADAX,https://www.hadax.com,Hadax,2018-11-10,2022-03-21,2018-11-10T15:29:31.7889589Z,2022-03-21T06:15:37.2993687Z,1173,48966506.77,1441098261.56,9447985950439.14
COINZEST,https://www.coinzest.co.kr/,CoinZest,2019-04-19,2019-09-30,2019-04-19T01:38:15.1717028Z,2019-09-30T14:45:56.7121506Z,129,0,0,0
BLOCKCHAINEXCHANGE,https://exchange.blockchain.com/,Blockchain Exchange,2020-01-16,2021-12-15,2020-01-16T11:36:36.1087316Z,2021-12-15T19:57:20.7793111Z,116,0,0,0
BTCE,https://btc-e.com/,BTC-e,2011-08-14,2019-02-06,2014-02-24T17:43:05.0000000Z,2019-02-06T15:34:52.9870000Z,24,0,0,0
YOBIT,https://yobit.net/en/,YObit,2015-01-06,2022-03-21,2017-03-18T22:53:47.2011734Z,2022-03-21T06:15:25.9974579Z,9041,9598296.67,14457710084.19,6207616732430.43
GATEIO,https://gate.io/,Gate.io,2017-12-28,2022-03-21,2017-12-28T21:49:04.6063124Z,2022-03-21T06:15:37.3995534Z,2732,19666699070.84,938667611428.65,29130195145726.33
QUOINE,https://www.liquid.com/,Liquid (QUOINEX & QRYPTOS),2017-05-22,2022-03-21,2017-08-29T15:53:54.7372595Z,2022-03-21T06:15:36.3186719Z,686,1330961.73,44641601.7,11528476093.43
BXINTH,https://bx.in.th/,BX Thailand,2015-06-26,2019-09-30,2017-03-18T22:53:45.5791610Z,2019-09-30T16:22:38.3333132Z,29,0,0,0
BITLISH,https://bitlish.com/,Bitlish,2017-10-12,2020-04-02,2018-01-24T00:21:31.1076466Z,2020-04-02T09:41:15.0994823Z,139,0,0,0
COINEX,https://www.coinex.com/,CoinEx,2019-10-01,2022-03-21,2019-10-01T15:06:43.9334939Z,2022-03-21T06:15:36.9021227Z,1856,71172377.34,11844325315.95,456009855991.88
INDODAX,https://indodax.com/,Indodax,2019-04-05,2022-03-21,2019-04-08T15:18:02.1868547Z,2022-03-21T06:15:38.1616602Z,246,1007787.25,19576136.43,855900636.32
BILAXY,https://bilaxy.com/,Bilaxy,2019-04-08,2022-03-21,2019-04-08T15:19:16.4427273Z,2022-03-21T06:04:35.3740000Z,1780,144022898.42,505740032.97,5854039547.89
TOKENSTORE,https://token.store/,Token Store,2017-09-17,2020-07-13,2019-04-08T15:17:58.1915392Z,2020-07-13T02:35:28.5815804Z,408,0,0,0
BITZ,https://www.bit-z.com/,Bit-Z,2018-03-25,2021-10-21,2018-09-09T12:57:17.9973117Z,2021-10-21T06:22:41.4784518Z,685,0,0,0
GLOBITEX,https://globitex.com/,Globitex,2020-05-05,2022-03-21,2020-05-05T00:00:11.9031117Z,2022-03-21T06:09:33.2903990Z,11,0,76874.68,6811006.63
ZBG,https://www.zbg.com/,ZBG,2019-04-24,2022-03-21,2019-04-24T11:35:18.3537588Z,2022-03-21T06:14:40.3263757Z,526,0,0,0
WEXNZ,https://wex.nz/,WexNz,2017-12-22,2018-11-20,2017-12-24T13:03:42.9064646Z,2018-11-20T23:48:42.8822625Z,59,0,0,0
LMAXDIGITALUAT,https://www.lmaxdigital.com/,LMAX Digital (UAT),2020-08-10,2021-08-01,2020-08-10T13:39:21.5800000Z,2021-08-01T09:00:00.2233333Z,17,0,0,0
BINANCEUAT,https://www.binance.com/,Binance Testnet,-,-,-,-,20,0,0,0
BITMEXUAT,https://www.bitmex.com/,BitMEX Testnet,-,-,-,-,66,0,0,0
BINANCEOPTVUAT,https://www.binance.com/,Binance Options Vanilla Testnet (vapi),2021-02-18,2021-03-13,2021-02-18T14:41:41.3040000Z,2021-03-13T22:07:17.0100000Z,70,0,0,0
BINANCEFTSCUAT,https://www.binance.com/,Binance Futures Testnet (Coin/fapi),2020-08-04,2021-08-01,2020-08-04T11:26:08.7467945Z,2021-08-01T09:00:00.2233333Z,93,0,0,0
BINANCEFTSUAT,https://www.binance.com/,Binance Futures Testnet (USDT/dapi),2020-08-04,2021-08-01,2020-08-04T11:26:07.1305490Z,2021-08-01T09:00:00.2233333Z,160,0,0,0
AAX,https://www.aax.com/,AAX,2020-05-05,2022-03-21,2020-05-05T00:00:00.2223057Z,2022-03-21T06:15:35.6845031Z,262,25397552.17,1139283475.06,46459424321.66
